文件ID,文件名称,文件状态,创建时间,视频时长,视频大小,最近更新,类别,标签,视频地址（原始）,视频地址（原始带水印）,视频地址（手机MP4）,视频地址（标清MP4）,视频地址（高清MP4）,视频地址（超清MP4）,视频地址（手机FLV）,视频地址（标清FLV）,视频地址（高清FLV）,视频地址（手机HLS）,视频地址（标清HLS）,视频地址（高清HLS）,视频地址（超清HLS）,视频含播放器发布HTML,视频含播放器FLASH代码,视频含播放器IFRAME代码,分享（原始）,分享（原始带水印）,分享（手机MP4）,分享（标清MP4）,分享（高清MP4）,分享（超清MP4）,分享（手机FLV）,分享（标清FLV）,分享（高清FLV）,分享（手机HLS）,分享（标清HLS）,分享（高清HLS）,分享（超清HLS）
"	14651978969256225702",01.01_计算机基础(计算机概述),正常,"2016-01-14 14:20:06",452,"	13816832","2016-01-14 14:29:28",其他,,http://200003447.vod.myqcloud.com/200003447_d98b121aba8611e593bdfdb04e12c4d2.f0.avi,,,http://200003447.vod.myqcloud.com/200003447_d98b121aba8611e593bdfdb04e12c4d2.f20.mp4,,,,,,,,http://200003447.vod.myqcloud.com/200003447_d98b121aba8611e593bdfdb04e12c4d2.f230.av.m3u8,,"<div id=""id_video_container"" style=""width:100%;height:720px;""></div><script src=""http://qzonestyle.gtimg.cn/open/qcloud/video/h5/h5connect.js""></script><script type=""text/javascript"">(function(){var option ={""auto_play"":""0"",""file_id"":""14651978969256225702"",""app_id"":1251419256,""width"":1280,""height"":720};/*调用播放器进行播放*/new qcVideo.Player(/*代码中的id_video_container将会作为播放器放置的容器使用,可自行替换*/""id_video_container"",option);})()</script>",http://qzonestyle.gtimg.cn/open/qcloud/video/flash/video_player.swf?swfv=beta1&auto_play=0&file_id=14651978969256225702&app_id=1251419256&version=1,"<iframe src=""http://play.video.qcloud.com/iplayer.html?$appid=1251419256&$fileid=14651978969256225702&$autoplay=0&$sw=1280&$sh=720"" frameborder=""0"" width=""100%"" height=""720"" scrolling=""no""></iframe><!-- 页面内多处使用iframe代码，后面的JS代码只需要使用一次(作用是调整iframe的高度) --><script src=""http://qzonestyle.gtimg.cn/open/qcloud/video/h5/fixifmheight.js"" charset=""utf-8""></script>",,,,http://play.video.qcloud.com/qrplayer.html?$appid=1251419256&$fileid=14651978969256225702&$autoplay=0&$sw=640&$sh=360&$def=20,,,,,,,,http://play.video.qcloud.com/qrplayer.html?$appid=1251419256&$fileid=14651978969256225702&$autoplay=0&$sw=1280&$sh=720&$def=230,
"	14651978969256225703",02.02_Java语言基础(标识符的概述和组成规则),正常,"2016-01-14 14:20:44",502,"	12594688","2016-01-14 14:29:28",其他,,http://200003447.vod.myqcloud.com/200003447_db601806ba8611e593bdfdb04e12c4d2.f0.avi,,,http://200003447.vod.myqcloud.com/200003447_db601806ba8611e593bdfdb04e12c4d2.f20.mp4,,,,,,,,http://200003447.vod.myqcloud.com/200003447_db601806ba8611e593bdfdb04e12c4d2.f230.av.m3u8,,"<div id=""id_video_container"" style=""width:100%;height:720px;""></div><script src=""http://qzonestyle.gtimg.cn/open/qcloud/video/h5/h5connect.js""></script><script type=""text/javascript"">(function(){var option ={""auto_play"":""0"",""file_id"":""14651978969256225703"",""app_id"":1251419256,""width"":1280,""height"":720};/*调用播放器进行播放*/new qcVideo.Player(/*代码中的id_video_container将会作为播放器放置的容器使用,可自行替换*/""id_video_container"",option);})()</script>",http://qzonestyle.gtimg.cn/open/qcloud/video/flash/video_player.swf?swfv=beta1&auto_play=0&file_id=14651978969256225703&app_id=1251419256&version=1,"<iframe src=""http://play.video.qcloud.com/iplayer.html?$appid=1251419256&$fileid=14651978969256225703&$autoplay=0&$sw=1280&$sh=720"" frameborder=""0"" width=""100%"" height=""720"" scrolling=""no""></iframe><!-- 页面内多处使用iframe代码，后面的JS代码只需要使用一次(作用是调整iframe的高度) --><script src=""http://qzonestyle.gtimg.cn/open/qcloud/video/h5/fixifmheight.js"" charset=""utf-8""></script>",,,,http://play.video.qcloud.com/qrplayer.html?$appid=1251419256&$fileid=14651978969256225703&$autoplay=0&$sw=640&$sh=360&$def=20,,,,,,,,http://play.video.qcloud.com/qrplayer.html?$appid=1251419256&$fileid=14651978969256225703&$autoplay=0&$sw=1280&$sh=720&$def=230,
"	14651978969256225705",03.02_Java语言基础(算术运算符的基本用法),正常,"2016-01-14 14:21:26",586,"	14352896","2016-01-14 14:29:27",其他,,http://200003447.vod.myqcloud.com/200003447_f26b430eba8611e59b064b665e35bfe3.f0.avi,,,http://200003447.vod.myqcloud.com/200003447_f26b430eba8611e59b064b665e35bfe3.f20.mp4,,,,,,,,http://200003447.vod.myqcloud.com/200003447_f26b430eba8611e59b064b665e35bfe3.f230.av.m3u8,,"<div id=""id_video_container"" style=""width:100%;height:720px;""></div><script src=""http://qzonestyle.gtimg.cn/open/qcloud/video/h5/h5connect.js""></script><script type=""text/javascript"">(function(){var option ={""auto_play"":""0"",""file_id"":""14651978969256225705"",""app_id"":1251419256,""width"":1280,""height"":720};/*调用播放器进行播放*/new qcVideo.Player(/*代码中的id_video_container将会作为播放器放置的容器使用,可自行替换*/""id_video_container"",option);})()</script>",http://qzonestyle.gtimg.cn/open/qcloud/video/flash/video_player.swf?swfv=beta1&auto_play=0&file_id=14651978969256225705&app_id=1251419256&version=1,"<iframe src=""http://play.video.qcloud.com/iplayer.html?$appid=1251419256&$fileid=14651978969256225705&$autoplay=0&$sw=1280&$sh=720"" frameborder=""0"" width=""100%"" height=""720"" scrolling=""no""></iframe><!-- 页面内多处使用iframe代码，后面的JS代码只需要使用一次(作用是调整iframe的高度) --><script src=""http://qzonestyle.gtimg.cn/open/qcloud/video/h5/fixifmheight.js"" charset=""utf-8""></script>",,,,http://play.video.qcloud.com/qrplayer.html?$appid=1251419256&$fileid=14651978969256225705&$autoplay=0&$sw=640&$sh=360&$def=20,,,,,,,,http://play.video.qcloud.com/qrplayer.html?$appid=1251419256&$fileid=14651978969256225705&$autoplay=0&$sw=1280&$sh=720&$def=230,
"	14651978969256225709",04.01_Java语言基础(选择结构switch语句的格式及其解释),正常,"2016-01-14 14:22:02",507,"	12176896","2016-01-14 14:29:27",其他,,http://200003447.vod.myqcloud.com/200003447_0b05e252ba8711e593bdfdb04e12c4d2.f0.avi,,,http://200003447.vod.myqcloud.com/200003447_0b05e252ba8711e593bdfdb04e12c4d2.f20.mp4,,,,,,,,http://200003447.vod.myqcloud.com/200003447_0b05e252ba8711e593bdfdb04e12c4d2.f230.av.m3u8,,"<div id=""id_video_container"" style=""width:100%;height:720px;""></div><script src=""http://qzonestyle.gtimg.cn/open/qcloud/video/h5/h5connect.js""></script><script type=""text/javascript"">(function(){var option ={""auto_play"":""0"",""file_id"":""14651978969256225709"",""app_id"":1251419256,""width"":1280,""height"":720};/*调用播放器进行播放*/new qcVideo.Player(/*代码中的id_video_container将会作为播放器放置的容器使用,可自行替换*/""id_video_container"",option);})()</script>",http://qzonestyle.gtimg.cn/open/qcloud/video/flash/video_player.swf?swfv=beta1&auto_play=0&file_id=14651978969256225709&app_id=1251419256&version=1,"<iframe src=""http://play.video.qcloud.com/iplayer.html?$appid=1251419256&$fileid=14651978969256225709&$autoplay=0&$sw=1280&$sh=720"" frameborder=""0"" width=""100%"" height=""720"" scrolling=""no""></iframe><!-- 页面内多处使用iframe代码，后面的JS代码只需要使用一次(作用是调整iframe的高度) --><script src=""http://qzonestyle.gtimg.cn/open/qcloud/video/h5/fixifmheight.js"" charset=""utf-8""></script>",,,,http://play.video.qcloud.com/qrplayer.html?$appid=1251419256&$fileid=14651978969256225709&$autoplay=0&$sw=640&$sh=360&$def=20,,,,,,,,http://play.video.qcloud.com/qrplayer.html?$appid=1251419256&$fileid=14651978969256225709&$autoplay=0&$sw=1280&$sh=720&$def=230,
"	14651978969256225712",05.01_Java语言基础(方法概述和格式说明),正常,"2016-01-14 14:22:04",617,"	14936064","2016-01-14 14:29:27",其他,,http://200003447.vod.myqcloud.com/200003447_20771adeba8711e593bdfdb04e12c4d2.f0.avi,,,http://200003447.vod.myqcloud.com/200003447_20771adeba8711e593bdfdb04e12c4d2.f20.mp4,,,,,,,,http://200003447.vod.myqcloud.com/200003447_20771adeba8711e593bdfdb04e12c4d2.f230.av.m3u8,,"<div id=""id_video_container"" style=""width:100%;height:720px;""></div><script src=""http://qzonestyle.gtimg.cn/open/qcloud/video/h5/h5connect.js""></script><script type=""text/javascript"">(function(){var option ={""auto_play"":""0"",""file_id"":""14651978969256225712"",""app_id"":1251419256,""width"":1280,""height"":720};/*调用播放器进行播放*/new qcVideo.Player(/*代码中的id_video_container将会作为播放器放置的容器使用,可自行替换*/""id_video_container"",option);})()</script>",http://qzonestyle.gtimg.cn/open/qcloud/video/flash/video_player.swf?swfv=beta1&auto_play=0&file_id=14651978969256225712&app_id=1251419256&version=1,"<iframe src=""http://play.video.qcloud.com/iplayer.html?$appid=1251419256&$fileid=14651978969256225712&$autoplay=0&$sw=1280&$sh=720"" frameborder=""0"" width=""100%"" height=""720"" scrolling=""no""></iframe><!-- 页面内多处使用iframe代码，后面的JS代码只需要使用一次(作用是调整iframe的高度) --><script src=""http://qzonestyle.gtimg.cn/open/qcloud/video/h5/fixifmheight.js"" charset=""utf-8""></script>",,,,http://play.video.qcloud.com/qrplayer.html?$appid=1251419256&$fileid=14651978969256225712&$autoplay=0&$sw=640&$sh=360&$def=20,,,,,,,,http://play.video.qcloud.com/qrplayer.html?$appid=1251419256&$fileid=14651978969256225712&$autoplay=0&$sw=1280&$sh=720&$def=230,
"	14651978969256225713",06.01_Java语言基础(二维数组概述和格式1的讲解),正常,"2016-01-14 14:23:08",911,"	21706752","2016-01-14 14:29:27",其他,,http://200003447.vod.myqcloud.com/200003447_21cd8ad0ba8711e59b064b665e35bfe3.f0.avi,,,http://200003447.vod.myqcloud.com/200003447_21cd8ad0ba8711e59b064b665e35bfe3.f20.mp4,,,,,,,,http://200003447.vod.myqcloud.com/200003447_21cd8ad0ba8711e59b064b665e35bfe3.f230.av.m3u8,,"<div id=""id_video_container"" style=""width:100%;height:720px;""></div><script src=""http://qzonestyle.gtimg.cn/open/qcloud/video/h5/h5connect.js""></script><script type=""text/javascript"">(function(){var option ={""auto_play"":""0"",""file_id"":""14651978969256225713"",""app_id"":1251419256,""width"":1280,""height"":720};/*调用播放器进行播放*/new qcVideo.Player(/*代码中的id_video_container将会作为播放器放置的容器使用,可自行替换*/""id_video_container"",option);})()</script>",http://qzonestyle.gtimg.cn/open/qcloud/video/flash/video_player.swf?swfv=beta1&auto_play=0&file_id=14651978969256225713&app_id=1251419256&version=1,"<iframe src=""http://play.video.qcloud.com/iplayer.html?$appid=1251419256&$fileid=14651978969256225713&$autoplay=0&$sw=1280&$sh=720"" frameborder=""0"" width=""100%"" height=""720"" scrolling=""no""></iframe><!-- 页面内多处使用iframe代码，后面的JS代码只需要使用一次(作用是调整iframe的高度) --><script src=""http://qzonestyle.gtimg.cn/open/qcloud/video/h5/fixifmheight.js"" charset=""utf-8""></script>",,,,http://play.video.qcloud.com/qrplayer.html?$appid=1251419256&$fileid=14651978969256225713&$autoplay=0&$sw=640&$sh=360&$def=20,,,,,,,,http://play.video.qcloud.com/qrplayer.html?$appid=1251419256&$fileid=14651978969256225713&$autoplay=0&$sw=1280&$sh=720&$def=230,
"	14651978969256225720",07.01_面向对象(成员变量和局部变量的区别),正常,"2016-01-14 14:23:47",680,"	16263680","2016-01-14 14:29:26",其他,,http://200003447.vod.myqcloud.com/200003447_48212106ba8711e59b064b665e35bfe3.f0.avi,,,http://200003447.vod.myqcloud.com/200003447_48212106ba8711e59b064b665e35bfe3.f20.mp4,,,,,,,,http://200003447.vod.myqcloud.com/200003447_48212106ba8711e59b064b665e35bfe3.f230.av.m3u8,,"<div id=""id_video_container"" style=""width:100%;height:720px;""></div><script src=""http://qzonestyle.gtimg.cn/open/qcloud/video/h5/h5connect.js""></script><script type=""text/javascript"">(function(){var option ={""auto_play"":""0"",""file_id"":""14651978969256225720"",""app_id"":1251419256,""width"":1280,""height"":720};/*调用播放器进行播放*/new qcVideo.Player(/*代码中的id_video_container将会作为播放器放置的容器使用,可自行替换*/""id_video_container"",option);})()</script>",http://qzonestyle.gtimg.cn/open/qcloud/video/flash/video_player.swf?swfv=beta1&auto_play=0&file_id=14651978969256225720&app_id=1251419256&version=1,"<iframe src=""http://play.video.qcloud.com/iplayer.html?$appid=1251419256&$fileid=14651978969256225720&$autoplay=0&$sw=1280&$sh=720"" frameborder=""0"" width=""100%"" height=""720"" scrolling=""no""></iframe><!-- 页面内多处使用iframe代码，后面的JS代码只需要使用一次(作用是调整iframe的高度) --><script src=""http://qzonestyle.gtimg.cn/open/qcloud/video/h5/fixifmheight.js"" charset=""utf-8""></script>",,,,http://play.video.qcloud.com/qrplayer.html?$appid=1251419256&$fileid=14651978969256225720&$autoplay=0&$sw=640&$sh=360&$def=20,,,,,,,,http://play.video.qcloud.com/qrplayer.html?$appid=1251419256&$fileid=14651978969256225720&$autoplay=0&$sw=1280&$sh=720&$def=230,
"	14651978969256225725",08.01_面向对象(工具类中使用静态),正常,"2016-01-14 14:23:49",676,"	17910272","2016-01-14 14:29:26",其他,,http://200003447.vod.myqcloud.com/200003447_5eec28e0ba8711e593bdfdb04e12c4d2.f0.avi,,,http://200003447.vod.myqcloud.com/200003447_5eec28e0ba8711e593bdfdb04e12c4d2.f20.mp4,,,,,,,,http://200003447.vod.myqcloud.com/200003447_5eec28e0ba8711e593bdfdb04e12c4d2.f230.av.m3u8,,"<div id=""id_video_container"" style=""width:100%;height:720px;""></div><script src=""http://qzonestyle.gtimg.cn/open/qcloud/video/h5/h5connect.js""></script><script type=""text/javascript"">(function(){var option ={""auto_play"":""0"",""file_id"":""14651978969256225725"",""app_id"":1251419256,""width"":1280,""height"":720};/*调用播放器进行播放*/new qcVideo.Player(/*代码中的id_video_container将会作为播放器放置的容器使用,可自行替换*/""id_video_container"",option);})()</script>",http://qzonestyle.gtimg.cn/open/qcloud/video/flash/video_player.swf?swfv=beta1&auto_play=0&file_id=14651978969256225725&app_id=1251419256&version=1,"<iframe src=""http://play.video.qcloud.com/iplayer.html?$appid=1251419256&$fileid=14651978969256225725&$autoplay=0&$sw=1280&$sh=720"" frameborder=""0"" width=""100%"" height=""720"" scrolling=""no""></iframe><!-- 页面内多处使用iframe代码，后面的JS代码只需要使用一次(作用是调整iframe的高度) --><script src=""http://qzonestyle.gtimg.cn/open/qcloud/video/h5/fixifmheight.js"" charset=""utf-8""></script>",,,,http://play.video.qcloud.com/qrplayer.html?$appid=1251419256&$fileid=14651978969256225725&$autoplay=0&$sw=640&$sh=360&$def=20,,,,,,,,http://play.video.qcloud.com/qrplayer.html?$appid=1251419256&$fileid=14651978969256225725&$autoplay=0&$sw=1280&$sh=720&$def=230,
"	14651978969256225726",09.01_面向对象(final关键字引入),正常,"2016-01-14 14:24:04",340,"	7930880","2016-01-14 14:29:26",其他,,http://200003447.vod.myqcloud.com/200003447_5ffecfe4ba8711e593bdfdb04e12c4d2.f0.avi,,,http://200003447.vod.myqcloud.com/200003447_5ffecfe4ba8711e593bdfdb04e12c4d2.f20.mp4,,,,,,,,http://200003447.vod.myqcloud.com/200003447_5ffecfe4ba8711e593bdfdb04e12c4d2.f230.av.m3u8,,"<div id=""id_video_container"" style=""width:100%;height:720px;""></div><script src=""http://qzonestyle.gtimg.cn/open/qcloud/video/h5/h5connect.js""></script><script type=""text/javascript"">(function(){var option ={""auto_play"":""0"",""file_id"":""14651978969256225726"",""app_id"":1251419256,""width"":1280,""height"":720};/*调用播放器进行播放*/new qcVideo.Player(/*代码中的id_video_container将会作为播放器放置的容器使用,可自行替换*/""id_video_container"",option);})()</script>",http://qzonestyle.gtimg.cn/open/qcloud/video/flash/video_player.swf?swfv=beta1&auto_play=0&file_id=14651978969256225726&app_id=1251419256&version=1,"<iframe src=""http://play.video.qcloud.com/iplayer.html?$appid=1251419256&$fileid=14651978969256225726&$autoplay=0&$sw=1280&$sh=720"" frameborder=""0"" width=""100%"" height=""720"" scrolling=""no""></iframe><!-- 页面内多处使用iframe代码，后面的JS代码只需要使用一次(作用是调整iframe的高度) --><script src=""http://qzonestyle.gtimg.cn/open/qcloud/video/h5/fixifmheight.js"" charset=""utf-8""></script>",,,,http://play.video.qcloud.com/qrplayer.html?$appid=1251419256&$fileid=14651978969256225726&$autoplay=0&$sw=640&$sh=360&$def=20,,,,,,,,http://play.video.qcloud.com/qrplayer.html?$appid=1251419256&$fileid=14651978969256225726&$autoplay=0&$sw=1280&$sh=720&$def=230,
"	14651978969256225728",10.01_面向对象(运动员和教练案例分析),正常,"2016-01-14 14:24:40",612,"	12820992","2016-01-14 14:29:25",其他,,http://200003447.vod.myqcloud.com/200003447_68fe7aeaba8711e59b064b665e35bfe3.f0.avi,,,http://200003447.vod.myqcloud.com/200003447_68fe7aeaba8711e59b064b665e35bfe3.f20.mp4,,,,,,,,http://200003447.vod.myqcloud.com/200003447_68fe7aeaba8711e59b064b665e35bfe3.f230.av.m3u8,,"<div id=""id_video_container"" style=""width:100%;height:720px;""></div><script src=""http://qzonestyle.gtimg.cn/open/qcloud/video/h5/h5connect.js""></script><script type=""text/javascript"">(function(){var option ={""auto_play"":""0"",""file_id"":""14651978969256225728"",""app_id"":1251419256,""width"":1280,""height"":720};/*调用播放器进行播放*/new qcVideo.Player(/*代码中的id_video_container将会作为播放器放置的容器使用,可自行替换*/""id_video_container"",option);})()</script>",http://qzonestyle.gtimg.cn/open/qcloud/video/flash/video_player.swf?swfv=beta1&auto_play=0&file_id=14651978969256225728&app_id=1251419256&version=1,"<iframe src=""http://play.video.qcloud.com/iplayer.html?$appid=1251419256&$fileid=14651978969256225728&$autoplay=0&$sw=1280&$sh=720"" frameborder=""0"" width=""100%"" height=""720"" scrolling=""no""></iframe><!-- 页面内多处使用iframe代码，后面的JS代码只需要使用一次(作用是调整iframe的高度) --><script src=""http://qzonestyle.gtimg.cn/open/qcloud/video/h5/fixifmheight.js"" charset=""utf-8""></script>",,,,http://play.video.qcloud.com/qrplayer.html?$appid=1251419256&$fileid=14651978969256225728&$autoplay=0&$sw=640&$sh=360&$def=20,,,,,,,,http://play.video.qcloud.com/qrplayer.html?$appid=1251419256&$fileid=14651978969256225728&$autoplay=0&$sw=1280&$sh=720&$def=230,
"	14651978969256244875",LL剧场版,正常,"2016-01-20 19:13:14",5994,"	878222787","2016-01-20 19:55:36",电影,,http://200003447.vod.myqcloud.com/200003447_cbc5d356bf6611e58ef98568e0be8270.f0.mp4,,,http://200003447.vod.myqcloud.com/200003447_cbc5d356bf6611e58ef98568e0be8270.f20.mp4,,,,,,,,http://200003447.vod.myqcloud.com/200003447_cbc5d356bf6611e58ef98568e0be8270.f230.av.m3u8,,"<div id=""id_video_container"" style=""width:100%;height:720px;""></div><script src=""http://qzonestyle.gtimg.cn/open/qcloud/video/h5/h5connect.js""></script><script type=""text/javascript"">(function(){var option ={""auto_play"":""0"",""file_id"":""14651978969256244875"",""app_id"":1251419256,""width"":1280,""height"":720};/*调用播放器进行播放*/new qcVideo.Player(/*代码中的id_video_container将会作为播放器放置的容器使用,可自行替换*/""id_video_container"",option);})()</script>",http://qzonestyle.gtimg.cn/open/qcloud/video/flash/video_player.swf?swfv=beta1&auto_play=0&file_id=14651978969256244875&app_id=1251419256&version=1,"<iframe src=""http://play.video.qcloud.com/iplayer.html?$appid=1251419256&$fileid=14651978969256244875&$autoplay=0&$sw=1280&$sh=720"" frameborder=""0"" width=""100%"" height=""720"" scrolling=""no""></iframe><!-- 页面内多处使用iframe代码，后面的JS代码只需要使用一次(作用是调整iframe的高度) --><script src=""http://qzonestyle.gtimg.cn/open/qcloud/video/h5/fixifmheight.js"" charset=""utf-8""></script>",,,,http://play.video.qcloud.com/qrplayer.html?$appid=1251419256&$fileid=14651978969256244875&$autoplay=0&$sw=640&$sh=360&$def=20,,,,,,,,http://play.video.qcloud.com/qrplayer.html?$appid=1251419256&$fileid=14651978969256244875&$autoplay=0&$sw=1280&$sh=720&$def=230,
"	14651978969256244950",01springmvc第一天课程复习,正常,"2016-01-20 19:40:39",2073,"	50898432","2016-01-20 19:55:36",计算机-ChenLi,,http://200003447.vod.myqcloud.com/200003447_40988978bf6a11e5b4088514a45150cb.f0.avi,,,http://200003447.vod.myqcloud.com/200003447_40988978bf6a11e5b4088514a45150cb.f20.mp4,,,,,,,,http://200003447.vod.myqcloud.com/200003447_40988978bf6a11e5b4088514a45150cb.f230.av.m3u8,,"<div id=""id_video_container"" style=""width:100%;height:768px;""></div><script src=""http://qzonestyle.gtimg.cn/open/qcloud/video/h5/h5connect.js""></script><script type=""text/javascript"">(function(){var option ={""auto_play"":""0"",""file_id"":""14651978969256244950"",""app_id"":1251419256,""width"":1360,""height"":768};/*调用播放器进行播放*/new qcVideo.Player(/*代码中的id_video_container将会作为播放器放置的容器使用,可自行替换*/""id_video_container"",option);})()</script>",http://qzonestyle.gtimg.cn/open/qcloud/video/flash/video_player.swf?swfv=beta1&auto_play=0&file_id=14651978969256244950&app_id=1251419256&version=1,"<iframe src=""http://play.video.qcloud.com/iplayer.html?$appid=1251419256&$fileid=14651978969256244950&$autoplay=0&$sw=1360&$sh=768"" frameborder=""0"" width=""100%"" height=""768"" scrolling=""no""></iframe><!-- 页面内多处使用iframe代码，后面的JS代码只需要使用一次(作用是调整iframe的高度) --><script src=""http://qzonestyle.gtimg.cn/open/qcloud/video/h5/fixifmheight.js"" charset=""utf-8""></script>",,,,http://play.video.qcloud.com/qrplayer.html?$appid=1251419256&$fileid=14651978969256244950&$autoplay=0&$sw=640&$sh=360&$def=20,,,,,,,,http://play.video.qcloud.com/qrplayer.html?$appid=1251419256&$fileid=14651978969256244950&$autoplay=0&$sw=1280&$sh=722&$def=230,
"	14651978969256244957",02springmvc参数绑定-包装类型pojo参数绑定,正常,"2016-01-20 19:42:10",907,"	30824960","2016-01-20 19:55:36",计算机-ChenLi,,http://200003447.vod.myqcloud.com/200003447_a1f31d46bf6a11e5b4088514a45150cb.f0.avi,,,http://200003447.vod.myqcloud.com/200003447_a1f31d46bf6a11e5b4088514a45150cb.f20.mp4,,,,,,,,http://200003447.vod.myqcloud.com/200003447_a1f31d46bf6a11e5b4088514a45150cb.f230.av.m3u8,,"<div id=""id_video_container"" style=""width:100%;height:768px;""></div><script src=""http://qzonestyle.gtimg.cn/open/qcloud/video/h5/h5connect.js""></script><script type=""text/javascript"">(function(){var option ={""auto_play"":""0"",""file_id"":""14651978969256244957"",""app_id"":1251419256,""width"":1360,""height"":768};/*调用播放器进行播放*/new qcVideo.Player(/*代码中的id_video_container将会作为播放器放置的容器使用,可自行替换*/""id_video_container"",option);})()</script>",http://qzonestyle.gtimg.cn/open/qcloud/video/flash/video_player.swf?swfv=beta1&auto_play=0&file_id=14651978969256244957&app_id=1251419256&version=1,"<iframe src=""http://play.video.qcloud.com/iplayer.html?$appid=1251419256&$fileid=14651978969256244957&$autoplay=0&$sw=1360&$sh=768"" frameborder=""0"" width=""100%"" height=""768"" scrolling=""no""></iframe><!-- 页面内多处使用iframe代码，后面的JS代码只需要使用一次(作用是调整iframe的高度) --><script src=""http://qzonestyle.gtimg.cn/open/qcloud/video/h5/fixifmheight.js"" charset=""utf-8""></script>",,,,http://play.video.qcloud.com/qrplayer.html?$appid=1251419256&$fileid=14651978969256244957&$autoplay=0&$sw=640&$sh=360&$def=20,,,,,,,,http://play.video.qcloud.com/qrplayer.html?$appid=1251419256&$fileid=14651978969256244957&$autoplay=0&$sw=1280&$sh=722&$def=230,
"	14651978969256244962",03springmvc注解开发-springmvc参数绑定-数组,正常,"2016-01-20 19:43:22",742,"	23026176","2016-01-20 19:55:35",计算机-ChenLi,,http://200003447.vod.myqcloud.com/200003447_d84226e4bf6a11e58ef98568e0be8270.f0.avi,,,http://200003447.vod.myqcloud.com/200003447_d84226e4bf6a11e58ef98568e0be8270.f20.mp4,,,,,,,,http://200003447.vod.myqcloud.com/200003447_d84226e4bf6a11e58ef98568e0be8270.f230.av.m3u8,,"<div id=""id_video_container"" style=""width:100%;height:768px;""></div><script src=""http://qzonestyle.gtimg.cn/open/qcloud/video/h5/h5connect.js""></script><script type=""text/javascript"">(function(){var option ={""auto_play"":""0"",""file_id"":""14651978969256244962"",""app_id"":1251419256,""width"":1360,""height"":768};/*调用播放器进行播放*/new qcVideo.Player(/*代码中的id_video_container将会作为播放器放置的容器使用,可自行替换*/""id_video_container"",option);})()</script>",http://qzonestyle.gtimg.cn/open/qcloud/video/flash/video_player.swf?swfv=beta1&auto_play=0&file_id=14651978969256244962&app_id=1251419256&version=1,"<iframe src=""http://play.video.qcloud.com/iplayer.html?$appid=1251419256&$fileid=14651978969256244962&$autoplay=0&$sw=1360&$sh=768"" frameborder=""0"" width=""100%"" height=""768"" scrolling=""no""></iframe><!-- 页面内多处使用iframe代码，后面的JS代码只需要使用一次(作用是调整iframe的高度) --><script src=""http://qzonestyle.gtimg.cn/open/qcloud/video/h5/fixifmheight.js"" charset=""utf-8""></script>",,,,http://play.video.qcloud.com/qrplayer.html?$appid=1251419256&$fileid=14651978969256244962&$autoplay=0&$sw=640&$sh=360&$def=20,,,,,,,,http://play.video.qcloud.com/qrplayer.html?$appid=1251419256&$fileid=14651978969256244962&$autoplay=0&$sw=1280&$sh=722&$def=230,
"	14651978969256244964",04springmvc注解开发-springmvc参数绑定-list,正常,"2016-01-20 19:45:19",1062,"	32524800","2016-01-20 19:55:35",计算机-ChenLi,,http://200003447.vod.myqcloud.com/200003447_03b4df2ebf6b11e5b4088514a45150cb.f0.avi,,,http://200003447.vod.myqcloud.com/200003447_03b4df2ebf6b11e5b4088514a45150cb.f20.mp4,,,,,,,,http://200003447.vod.myqcloud.com/200003447_03b4df2ebf6b11e5b4088514a45150cb.f230.av.m3u8,,"<div id=""id_video_container"" style=""width:100%;height:768px;""></div><script src=""http://qzonestyle.gtimg.cn/open/qcloud/video/h5/h5connect.js""></script><script type=""text/javascript"">(function(){var option ={""auto_play"":""0"",""file_id"":""14651978969256244964"",""app_id"":1251419256,""width"":1360,""height"":768};/*调用播放器进行播放*/new qcVideo.Player(/*代码中的id_video_container将会作为播放器放置的容器使用,可自行替换*/""id_video_container"",option);})()</script>",http://qzonestyle.gtimg.cn/open/qcloud/video/flash/video_player.swf?swfv=beta1&auto_play=0&file_id=14651978969256244964&app_id=1251419256&version=1,"<iframe src=""http://play.video.qcloud.com/iplayer.html?$appid=1251419256&$fileid=14651978969256244964&$autoplay=0&$sw=1360&$sh=768"" frameborder=""0"" width=""100%"" height=""768"" scrolling=""no""></iframe><!-- 页面内多处使用iframe代码，后面的JS代码只需要使用一次(作用是调整iframe的高度) --><script src=""http://qzonestyle.gtimg.cn/open/qcloud/video/h5/fixifmheight.js"" charset=""utf-8""></script>",,,,http://play.video.qcloud.com/qrplayer.html?$appid=1251419256&$fileid=14651978969256244964&$autoplay=0&$sw=640&$sh=360&$def=20,,,,,,,,http://play.video.qcloud.com/qrplayer.html?$appid=1251419256&$fileid=14651978969256244964&$autoplay=0&$sw=1280&$sh=722&$def=230,
"	14651978969256244969",05springmvc注解开发-validation校验-商品修改校验,正常,"2016-01-20 19:48:15",1659,"	52348928","2016-01-20 19:55:35",计算机-ChenLi,,http://200003447.vod.myqcloud.com/200003447_48dbdefebf6b11e5b4088514a45150cb.f0.avi,,,http://200003447.vod.myqcloud.com/200003447_48dbdefebf6b11e5b4088514a45150cb.f20.mp4,,,,,,,,http://200003447.vod.myqcloud.com/200003447_48dbdefebf6b11e5b4088514a45150cb.f230.av.m3u8,,"<div id=""id_video_container"" style=""width:100%;height:768px;""></div><script src=""http://qzonestyle.gtimg.cn/open/qcloud/video/h5/h5connect.js""></script><script type=""text/javascript"">(function(){var option ={""auto_play"":""0"",""file_id"":""14651978969256244969"",""app_id"":1251419256,""width"":1360,""height"":768};/*调用播放器进行播放*/new qcVideo.Player(/*代码中的id_video_container将会作为播放器放置的容器使用,可自行替换*/""id_video_container"",option);})()</script>",http://qzonestyle.gtimg.cn/open/qcloud/video/flash/video_player.swf?swfv=beta1&auto_play=0&file_id=14651978969256244969&app_id=1251419256&version=1,"<iframe src=""http://play.video.qcloud.com/iplayer.html?$appid=1251419256&$fileid=14651978969256244969&$autoplay=0&$sw=1360&$sh=768"" frameborder=""0"" width=""100%"" height=""768"" scrolling=""no""></iframe><!-- 页面内多处使用iframe代码，后面的JS代码只需要使用一次(作用是调整iframe的高度) --><script src=""http://qzonestyle.gtimg.cn/open/qcloud/video/h5/fixifmheight.js"" charset=""utf-8""></script>",,,,http://play.video.qcloud.com/qrplayer.html?$appid=1251419256&$fileid=14651978969256244969&$autoplay=0&$sw=640&$sh=360&$def=20,,,,,,,,http://play.video.qcloud.com/qrplayer.html?$appid=1251419256&$fileid=14651978969256244969&$autoplay=0&$sw=1280&$sh=722&$def=230,
"	14651978969256244975",06springmvc注解开发-validation校验-分组校验,正常,"2016-01-20 19:49:17",539,"	18892288","2016-01-20 19:55:34",计算机-ChenLi,,http://200003447.vod.myqcloud.com/200003447_b19fe1ecbf6b11e5b4732d11c2cae25d.f0.avi,,,http://200003447.vod.myqcloud.com/200003447_b19fe1ecbf6b11e5b4732d11c2cae25d.f20.mp4,,,,,,,,http://200003447.vod.myqcloud.com/200003447_b19fe1ecbf6b11e5b4732d11c2cae25d.f230.av.m3u8,,"<div id=""id_video_container"" style=""width:100%;height:768px;""></div><script src=""http://qzonestyle.gtimg.cn/open/qcloud/video/h5/h5connect.js""></script><script type=""text/javascript"">(function(){var option ={""auto_play"":""0"",""file_id"":""14651978969256244975"",""app_id"":1251419256,""width"":1360,""height"":768};/*调用播放器进行播放*/new qcVideo.Player(/*代码中的id_video_container将会作为播放器放置的容器使用,可自行替换*/""id_video_container"",option);})()</script>",http://qzonestyle.gtimg.cn/open/qcloud/video/flash/video_player.swf?swfv=beta1&auto_play=0&file_id=14651978969256244975&app_id=1251419256&version=1,"<iframe src=""http://play.video.qcloud.com/iplayer.html?$appid=1251419256&$fileid=14651978969256244975&$autoplay=0&$sw=1360&$sh=768"" frameborder=""0"" width=""100%"" height=""768"" scrolling=""no""></iframe><!-- 页面内多处使用iframe代码，后面的JS代码只需要使用一次(作用是调整iframe的高度) --><script src=""http://qzonestyle.gtimg.cn/open/qcloud/video/h5/fixifmheight.js"" charset=""utf-8""></script>",,,,http://play.video.qcloud.com/qrplayer.html?$appid=1251419256&$fileid=14651978969256244975&$autoplay=0&$sw=640&$sh=360&$def=20,,,,,,,,http://play.video.qcloud.com/qrplayer.html?$appid=1251419256&$fileid=14651978969256244975&$autoplay=0&$sw=1280&$sh=722&$def=230,
"	14651978969256244979",07springmvc注解开发-数据回显,正常,"2016-01-20 19:51:18",807,"	33733632","2016-01-20 19:55:34",计算机-ChenLi,,http://200003447.vod.myqcloud.com/200003447_d677a2debf6b11e5b4088514a45150cb.f0.avi,,,http://200003447.vod.myqcloud.com/200003447_d677a2debf6b11e5b4088514a45150cb.f20.mp4,,,,,,,,http://200003447.vod.myqcloud.com/200003447_d677a2debf6b11e5b4088514a45150cb.f230.av.m3u8,,"<div id=""id_video_container"" style=""width:100%;height:768px;""></div><script src=""http://qzonestyle.gtimg.cn/open/qcloud/video/h5/h5connect.js""></script><script type=""text/javascript"">(function(){var option ={""auto_play"":""0"",""file_id"":""14651978969256244979"",""app_id"":1251419256,""width"":1360,""height"":768};/*调用播放器进行播放*/new qcVideo.Player(/*代码中的id_video_container将会作为播放器放置的容器使用,可自行替换*/""id_video_container"",option);})()</script>",http://qzonestyle.gtimg.cn/open/qcloud/video/flash/video_player.swf?swfv=beta1&auto_play=0&file_id=14651978969256244979&app_id=1251419256&version=1,"<iframe src=""http://play.video.qcloud.com/iplayer.html?$appid=1251419256&$fileid=14651978969256244979&$autoplay=0&$sw=1360&$sh=768"" frameborder=""0"" width=""100%"" height=""768"" scrolling=""no""></iframe><!-- 页面内多处使用iframe代码，后面的JS代码只需要使用一次(作用是调整iframe的高度) --><script src=""http://qzonestyle.gtimg.cn/open/qcloud/video/h5/fixifmheight.js"" charset=""utf-8""></script>",,,,http://play.video.qcloud.com/qrplayer.html?$appid=1251419256&$fileid=14651978969256244979&$autoplay=0&$sw=640&$sh=360&$def=20,,,,,,,,http://play.video.qcloud.com/qrplayer.html?$appid=1251419256&$fileid=14651978969256244979&$autoplay=0&$sw=1280&$sh=722&$def=230,
"	14651978969256244985",08springmvc异常处理-全局异常处理器开发,正常,"2016-01-20 19:53:21",1061,"	33608192","2016-01-20 19:57:12",计算机-ChenLi,,http://200003447.vod.myqcloud.com/200003447_1e789732bf6c11e58ef98568e0be8270.f0.avi,,,http://200003447.vod.myqcloud.com/200003447_1e789732bf6c11e58ef98568e0be8270.f20.mp4,,,,,,,,http://200003447.vod.myqcloud.com/200003447_1e789732bf6c11e58ef98568e0be8270.f230.av.m3u8,,"<div id=""id_video_container"" style=""width:100%;height:768px;""></div><script src=""http://qzonestyle.gtimg.cn/open/qcloud/video/h5/h5connect.js""></script><script type=""text/javascript"">(function(){var option ={""auto_play"":""0"",""file_id"":""14651978969256244985"",""app_id"":1251419256,""width"":1360,""height"":768};/*调用播放器进行播放*/new qcVideo.Player(/*代码中的id_video_container将会作为播放器放置的容器使用,可自行替换*/""id_video_container"",option);})()</script>",http://qzonestyle.gtimg.cn/open/qcloud/video/flash/video_player.swf?swfv=beta1&auto_play=0&file_id=14651978969256244985&app_id=1251419256&version=1,"<iframe src=""http://play.video.qcloud.com/iplayer.html?$appid=1251419256&$fileid=14651978969256244985&$autoplay=0&$sw=1360&$sh=768"" frameborder=""0"" width=""100%"" height=""768"" scrolling=""no""></iframe><!-- 页面内多处使用iframe代码，后面的JS代码只需要使用一次(作用是调整iframe的高度) --><script src=""http://qzonestyle.gtimg.cn/open/qcloud/video/h5/fixifmheight.js"" charset=""utf-8""></script>",,,,http://play.video.qcloud.com/qrplayer.html?$appid=1251419256&$fileid=14651978969256244985&$autoplay=0&$sw=640&$sh=360&$def=20,,,,,,,,http://play.video.qcloud.com/qrplayer.html?$appid=1251419256&$fileid=14651978969256244985&$autoplay=0&$sw=1280&$sh=722&$def=230,
"	14651978969256244990",09springmvc异常处理-抛出异常,正常,"2016-01-20 19:55:08",912,"	32342016","2016-01-20 19:59:25",计算机-ChenLi,,http://200003447.vod.myqcloud.com/200003447_6808126abf6c11e58ef98568e0be8270.f0.avi,,,http://200003447.vod.myqcloud.com/200003447_6808126abf6c11e58ef98568e0be8270.f20.mp4,,,,,,,,http://200003447.vod.myqcloud.com/200003447_6808126abf6c11e58ef98568e0be8270.f230.av.m3u8,,"<div id=""id_video_container"" style=""width:100%;height:768px;""></div><script src=""http://qzonestyle.gtimg.cn/open/qcloud/video/h5/h5connect.js""></script><script type=""text/javascript"">(function(){var option ={""auto_play"":""0"",""file_id"":""14651978969256244990"",""app_id"":1251419256,""width"":1360,""height"":768};/*调用播放器进行播放*/new qcVideo.Player(/*代码中的id_video_container将会作为播放器放置的容器使用,可自行替换*/""id_video_container"",option);})()</script>",http://qzonestyle.gtimg.cn/open/qcloud/video/flash/video_player.swf?swfv=beta1&auto_play=0&file_id=14651978969256244990&app_id=1251419256&version=1,"<iframe src=""http://play.video.qcloud.com/iplayer.html?$appid=1251419256&$fileid=14651978969256244990&$autoplay=0&$sw=1360&$sh=768"" frameborder=""0"" width=""100%"" height=""768"" scrolling=""no""></iframe><!-- 页面内多处使用iframe代码，后面的JS代码只需要使用一次(作用是调整iframe的高度) --><script src=""http://qzonestyle.gtimg.cn/open/qcloud/video/h5/fixifmheight.js"" charset=""utf-8""></script>",,,,http://play.video.qcloud.com/qrplayer.html?$appid=1251419256&$fileid=14651978969256244990&$autoplay=0&$sw=640&$sh=360&$def=20,,,,,,,,http://play.video.qcloud.com/qrplayer.html?$appid=1251419256&$fileid=14651978969256244990&$autoplay=0&$sw=1280&$sh=722&$def=230,
"	14651978969256254066",python在线教学-01-走进python,正常,"2016-01-23 20:33:09",897,"	24152368","2016-01-23 20:57:45",计算机-python,,http://200003447.vod.myqcloud.com/200003447_75415fa0c1cd11e5a5080dacff1f8efc.f0.flv,,,http://200003447.vod.myqcloud.com/200003447_75415fa0c1cd11e5a5080dacff1f8efc.f20.mp4,,,,,,,,http://200003447.vod.myqcloud.com/200003447_75415fa0c1cd11e5a5080dacff1f8efc.f230.av.m3u8,,"<div id=""id_video_container"" style=""width:100%;height:768px;""></div><script src=""http://qzonestyle.gtimg.cn/open/qcloud/video/h5/h5connect.js""></script><script type=""text/javascript"">(function(){var option ={""auto_play"":""0"",""file_id"":""14651978969256254066"",""app_id"":1251419256,""width"":1024,""height"":768};/*调用播放器进行播放*/new qcVideo.Player(/*代码中的id_video_container将会作为播放器放置的容器使用,可自行替换*/""id_video_container"",option);})()</script>",http://qzonestyle.gtimg.cn/open/qcloud/video/flash/video_player.swf?swfv=beta1&auto_play=0&file_id=14651978969256254066&app_id=1251419256&version=1,"<iframe src=""http://play.video.qcloud.com/iplayer.html?$appid=1251419256&$fileid=14651978969256254066&$autoplay=0&$sw=1024&$sh=768"" frameborder=""0"" width=""100%"" height=""768"" scrolling=""no""></iframe><!-- 页面内多处使用iframe代码，后面的JS代码只需要使用一次(作用是调整iframe的高度) --><script src=""http://qzonestyle.gtimg.cn/open/qcloud/video/h5/fixifmheight.js"" charset=""utf-8""></script>",,,,http://play.video.qcloud.com/qrplayer.html?$appid=1251419256&$fileid=14651978969256254066&$autoplay=0&$sw=640&$sh=480&$def=20,,,,,,,,http://play.video.qcloud.com/qrplayer.html?$appid=1251419256&$fileid=14651978969256254066&$autoplay=0&$sw=1280&$sh=960&$def=230,
"	14651978969256254067",python在线教学-02-开始编程吧,正常,"2016-01-23 20:33:11",884,"	21482015","2016-01-23 20:57:45",计算机-python,,http://200003447.vod.myqcloud.com/200003447_766706b4c1cd11e5a5080dacff1f8efc.f0.flv,,,http://200003447.vod.myqcloud.com/200003447_766706b4c1cd11e5a5080dacff1f8efc.f20.mp4,,,,,,,,http://200003447.vod.myqcloud.com/200003447_766706b4c1cd11e5a5080dacff1f8efc.f230.av.m3u8,,"<div id=""id_video_container"" style=""width:100%;height:768px;""></div><script src=""http://qzonestyle.gtimg.cn/open/qcloud/video/h5/h5connect.js""></script><script type=""text/javascript"">(function(){var option ={""auto_play"":""0"",""file_id"":""14651978969256254067"",""app_id"":1251419256,""width"":1024,""height"":768};/*调用播放器进行播放*/new qcVideo.Player(/*代码中的id_video_container将会作为播放器放置的容器使用,可自行替换*/""id_video_container"",option);})()</script>",http://qzonestyle.gtimg.cn/open/qcloud/video/flash/video_player.swf?swfv=beta1&auto_play=0&file_id=14651978969256254067&app_id=1251419256&version=1,"<iframe src=""http://play.video.qcloud.com/iplayer.html?$appid=1251419256&$fileid=14651978969256254067&$autoplay=0&$sw=1024&$sh=768"" frameborder=""0"" width=""100%"" height=""768"" scrolling=""no""></iframe><!-- 页面内多处使用iframe代码，后面的JS代码只需要使用一次(作用是调整iframe的高度) --><script src=""http://qzonestyle.gtimg.cn/open/qcloud/video/h5/fixifmheight.js"" charset=""utf-8""></script>",,,,http://play.video.qcloud.com/qrplayer.html?$appid=1251419256&$fileid=14651978969256254067&$autoplay=0&$sw=640&$sh=480&$def=20,,,,,,,,http://play.video.qcloud.com/qrplayer.html?$appid=1251419256&$fileid=14651978969256254067&$autoplay=0&$sw=1280&$sh=960&$def=230,
"	14651978969256254068",python在线教学-03-变量,正常,"2016-01-23 20:33:13",873,"	19599175","2016-01-23 20:57:44",计算机-python,,http://200003447.vod.myqcloud.com/200003447_77d43fd0c1cd11e5a5080dacff1f8efc.f0.flv,,,http://200003447.vod.myqcloud.com/200003447_77d43fd0c1cd11e5a5080dacff1f8efc.f20.mp4,,,,,,,,http://200003447.vod.myqcloud.com/200003447_77d43fd0c1cd11e5a5080dacff1f8efc.f230.av.m3u8,,"<div id=""id_video_container"" style=""width:100%;height:768px;""></div><script src=""http://qzonestyle.gtimg.cn/open/qcloud/video/h5/h5connect.js""></script><script type=""text/javascript"">(function(){var option ={""auto_play"":""0"",""file_id"":""14651978969256254068"",""app_id"":1251419256,""width"":1024,""height"":768};/*调用播放器进行播放*/new qcVideo.Player(/*代码中的id_video_container将会作为播放器放置的容器使用,可自行替换*/""id_video_container"",option);})()</script>",http://qzonestyle.gtimg.cn/open/qcloud/video/flash/video_player.swf?swfv=beta1&auto_play=0&file_id=14651978969256254068&app_id=1251419256&version=1,"<iframe src=""http://play.video.qcloud.com/iplayer.html?$appid=1251419256&$fileid=14651978969256254068&$autoplay=0&$sw=1024&$sh=768"" frameborder=""0"" width=""100%"" height=""768"" scrolling=""no""></iframe><!-- 页面内多处使用iframe代码，后面的JS代码只需要使用一次(作用是调整iframe的高度) --><script src=""http://qzonestyle.gtimg.cn/open/qcloud/video/h5/fixifmheight.js"" charset=""utf-8""></script>",,,,http://play.video.qcloud.com/qrplayer.html?$appid=1251419256&$fileid=14651978969256254068&$autoplay=0&$sw=640&$sh=480&$def=20,,,,,,,,http://play.video.qcloud.com/qrplayer.html?$appid=1251419256&$fileid=14651978969256254068&$autoplay=0&$sw=1280&$sh=960&$def=230,
"	14651978969256254069",python在线教学-04-运算符-表达式,正常,"2016-01-23 20:33:53",1394,"	16390183","2016-01-23 20:57:44",计算机-python,,http://200003447.vod.myqcloud.com/200003447_791669aec1cd11e5a5080dacff1f8efc.f0.flv,,,http://200003447.vod.myqcloud.com/200003447_791669aec1cd11e5a5080dacff1f8efc.f20.mp4,,,,,,,,http://200003447.vod.myqcloud.com/200003447_791669aec1cd11e5a5080dacff1f8efc.f230.av.m3u8,,"<div id=""id_video_container"" style=""width:100%;height:752px;""></div><script src=""http://qzonestyle.gtimg.cn/open/qcloud/video/h5/h5connect.js""></script><script type=""text/javascript"">(function(){var option ={""auto_play"":""0"",""file_id"":""14651978969256254069"",""app_id"":1251419256,""width"":992,""height"":752};/*调用播放器进行播放*/new qcVideo.Player(/*代码中的id_video_container将会作为播放器放置的容器使用,可自行替换*/""id_video_container"",option);})()</script>",http://qzonestyle.gtimg.cn/open/qcloud/video/flash/video_player.swf?swfv=beta1&auto_play=0&file_id=14651978969256254069&app_id=1251419256&version=1,"<iframe src=""http://play.video.qcloud.com/iplayer.html?$appid=1251419256&$fileid=14651978969256254069&$autoplay=0&$sw=992&$sh=752"" frameborder=""0"" width=""100%"" height=""752"" scrolling=""no""></iframe><!-- 页面内多处使用iframe代码，后面的JS代码只需要使用一次(作用是调整iframe的高度) --><script src=""http://qzonestyle.gtimg.cn/open/qcloud/video/h5/fixifmheight.js"" charset=""utf-8""></script>",,,,http://play.video.qcloud.com/qrplayer.html?$appid=1251419256&$fileid=14651978969256254069&$autoplay=0&$sw=640&$sh=480&$def=20,,,,,,,,http://play.video.qcloud.com/qrplayer.html?$appid=1251419256&$fileid=14651978969256254069&$autoplay=0&$sw=1280&$sh=962&$def=230,
"	14651978969256254070",python在线教学-05-数据类型-数字-字符串,正常,"2016-01-23 20:34:31",1677,"	17894075","2016-01-23 20:57:44",计算机-python,,http://200003447.vod.myqcloud.com/200003447_9079c3b6c1cd11e5a5080dacff1f8efc.f0.flv,,,http://200003447.vod.myqcloud.com/200003447_9079c3b6c1cd11e5a5080dacff1f8efc.f20.mp4,,,,,,,,http://200003447.vod.myqcloud.com/200003447_9079c3b6c1cd11e5a5080dacff1f8efc.f230.av.m3u8,,"<div id=""id_video_container"" style=""width:100%;height:768px;""></div><script src=""http://qzonestyle.gtimg.cn/open/qcloud/video/h5/h5connect.js""></script><script type=""text/javascript"">(function(){var option ={""auto_play"":""0"",""file_id"":""14651978969256254070"",""app_id"":1251419256,""width"":1024,""height"":768};/*调用播放器进行播放*/new qcVideo.Player(/*代码中的id_video_container将会作为播放器放置的容器使用,可自行替换*/""id_video_container"",option);})()</script>",http://qzonestyle.gtimg.cn/open/qcloud/video/flash/video_player.swf?swfv=beta1&auto_play=0&file_id=14651978969256254070&app_id=1251419256&version=1,"<iframe src=""http://play.video.qcloud.com/iplayer.html?$appid=1251419256&$fileid=14651978969256254070&$autoplay=0&$sw=1024&$sh=768"" frameborder=""0"" width=""100%"" height=""768"" scrolling=""no""></iframe><!-- 页面内多处使用iframe代码，后面的JS代码只需要使用一次(作用是调整iframe的高度) --><script src=""http://qzonestyle.gtimg.cn/open/qcloud/video/h5/fixifmheight.js"" charset=""utf-8""></script>",,,,http://play.video.qcloud.com/qrplayer.html?$appid=1251419256&$fileid=14651978969256254070&$autoplay=0&$sw=640&$sh=480&$def=20,,,,,,,,http://play.video.qcloud.com/qrplayer.html?$appid=1251419256&$fileid=14651978969256254070&$autoplay=0&$sw=1280&$sh=960&$def=230,
"	14651978969256254072",python在线教学-06-元组,正常,"2016-01-23 20:35:29",1425,"	24691943","2016-01-23 20:57:44",计算机-python,,http://200003447.vod.myqcloud.com/200003447_a71f5248c1cd11e5980d5df58e2bb1eb.f0.flv,,,http://200003447.vod.myqcloud.com/200003447_a71f5248c1cd11e5980d5df58e2bb1eb.f20.mp4,,,,,,,,http://200003447.vod.myqcloud.com/200003447_a71f5248c1cd11e5980d5df58e2bb1eb.f230.av.m3u8,,"<div id=""id_video_container"" style=""width:100%;height:768px;""></div><script src=""http://qzonestyle.gtimg.cn/open/qcloud/video/h5/h5connect.js""></script><script type=""text/javascript"">(function(){var option ={""auto_play"":""0"",""file_id"":""14651978969256254072"",""app_id"":1251419256,""width"":1024,""height"":768};/*调用播放器进行播放*/new qcVideo.Player(/*代码中的id_video_container将会作为播放器放置的容器使用,可自行替换*/""id_video_container"",option);})()</script>",http://qzonestyle.gtimg.cn/open/qcloud/video/flash/video_player.swf?swfv=beta1&auto_play=0&file_id=14651978969256254072&app_id=1251419256&version=1,"<iframe src=""http://play.video.qcloud.com/iplayer.html?$appid=1251419256&$fileid=14651978969256254072&$autoplay=0&$sw=1024&$sh=768"" frameborder=""0"" width=""100%"" height=""768"" scrolling=""no""></iframe><!-- 页面内多处使用iframe代码，后面的JS代码只需要使用一次(作用是调整iframe的高度) --><script src=""http://qzonestyle.gtimg.cn/open/qcloud/video/h5/fixifmheight.js"" charset=""utf-8""></script>",,,,http://play.video.qcloud.com/qrplayer.html?$appid=1251419256&$fileid=14651978969256254072&$autoplay=0&$sw=640&$sh=480&$def=20,,,,,,,,http://play.video.qcloud.com/qrplayer.html?$appid=1251419256&$fileid=14651978969256254072&$autoplay=0&$sw=1280&$sh=960&$def=230,
"	14651978969256254073",python在线教学-07-列表,正常,"2016-01-23 20:36:09",1564,"	15091900","2016-01-23 21:12:04",计算机-python,,http://200003447.vod.myqcloud.com/200003447_ca19aee2c1cd11e5a5080dacff1f8efc.f0.flv,,,http://200003447.vod.myqcloud.com/200003447_ca19aee2c1cd11e5a5080dacff1f8efc.f20.mp4,,,,,,,,http://200003447.vod.myqcloud.com/200003447_ca19aee2c1cd11e5a5080dacff1f8efc.f230.av.m3u8,,"<div id=""id_video_container"" style=""width:100%;height:768px;""></div><script src=""http://qzonestyle.gtimg.cn/open/qcloud/video/h5/h5connect.js""></script><script type=""text/javascript"">(function(){var option ={""auto_play"":""0"",""file_id"":""14651978969256254073"",""app_id"":1251419256,""width"":1024,""height"":768};/*调用播放器进行播放*/new qcVideo.Player(/*代码中的id_video_container将会作为播放器放置的容器使用,可自行替换*/""id_video_container"",option);})()</script>",http://qzonestyle.gtimg.cn/open/qcloud/video/flash/video_player.swf?swfv=beta1&auto_play=0&file_id=14651978969256254073&app_id=1251419256&version=1,"<iframe src=""http://play.video.qcloud.com/iplayer.html?$appid=1251419256&$fileid=14651978969256254073&$autoplay=0&$sw=1024&$sh=768"" frameborder=""0"" width=""100%"" height=""768"" scrolling=""no""></iframe><!-- 页面内多处使用iframe代码，后面的JS代码只需要使用一次(作用是调整iframe的高度) --><script src=""http://qzonestyle.gtimg.cn/open/qcloud/video/h5/fixifmheight.js"" charset=""utf-8""></script>",,,,http://play.video.qcloud.com/qrplayer.html?$appid=1251419256&$fileid=14651978969256254073&$autoplay=0&$sw=640&$sh=480&$def=20,,,,,,,,http://play.video.qcloud.com/qrplayer.html?$appid=1251419256&$fileid=14651978969256254073&$autoplay=0&$sw=1280&$sh=960&$def=230,
"	14651978969256254103",python在线教学-08-字典,正常,"2016-01-23 20:59:00",1648,"	37427433","2016-01-23 21:01:43",计算机-python,,http://200003447.vod.myqcloud.com/200003447_118d9f10c1d111e5980d5df58e2bb1eb.f0.flv,,,http://200003447.vod.myqcloud.com/200003447_118d9f10c1d111e5980d5df58e2bb1eb.f20.mp4,,,,,,,,http://200003447.vod.myqcloud.com/200003447_118d9f10c1d111e5980d5df58e2bb1eb.f230.av.m3u8,,"<div id=""id_video_container"" style=""width:100%;height:720px;""></div><script src=""http://qzonestyle.gtimg.cn/open/qcloud/video/h5/h5connect.js""></script><script type=""text/javascript"">(function(){var option ={""auto_play"":""0"",""file_id"":""14651978969256254103"",""app_id"":1251419256,""width"":1280,""height"":720};/*调用播放器进行播放*/new qcVideo.Player(/*代码中的id_video_container将会作为播放器放置的容器使用,可自行替换*/""id_video_container"",option);})()</script>",http://qzonestyle.gtimg.cn/open/qcloud/video/flash/video_player.swf?swfv=beta1&auto_play=0&file_id=14651978969256254103&app_id=1251419256&version=1,"<iframe src=""http://play.video.qcloud.com/iplayer.html?$appid=1251419256&$fileid=14651978969256254103&$autoplay=0&$sw=1280&$sh=720"" frameborder=""0"" width=""100%"" height=""720"" scrolling=""no""></iframe><!-- 页面内多处使用iframe代码，后面的JS代码只需要使用一次(作用是调整iframe的高度) --><script src=""http://qzonestyle.gtimg.cn/open/qcloud/video/h5/fixifmheight.js"" charset=""utf-8""></script>",,,,http://play.video.qcloud.com/qrplayer.html?$appid=1251419256&$fileid=14651978969256254103&$autoplay=0&$sw=640&$sh=360&$def=20,,,,,,,,http://play.video.qcloud.com/qrplayer.html?$appid=1251419256&$fileid=14651978969256254103&$autoplay=0&$sw=1280&$sh=720&$def=230,
"	14651978969256254104",python在线教学-09-流程控制-if,正常,"2016-01-23 20:59:02",1749,"	42310743","2016-01-23 21:01:43",计算机-python,,http://200003447.vod.myqcloud.com/200003447_12f4d062c1d111e5a5080dacff1f8efc.f0.flv,,,http://200003447.vod.myqcloud.com/200003447_12f4d062c1d111e5a5080dacff1f8efc.f20.mp4,,,,,,,,http://200003447.vod.myqcloud.com/200003447_12f4d062c1d111e5a5080dacff1f8efc.f230.av.m3u8,,"<div id=""id_video_container"" style=""width:100%;height:768px;""></div><script src=""http://qzonestyle.gtimg.cn/open/qcloud/video/h5/h5connect.js""></script><script type=""text/javascript"">(function(){var option ={""auto_play"":""0"",""file_id"":""14651978969256254104"",""app_id"":1251419256,""width"":1024,""height"":768};/*调用播放器进行播放*/new qcVideo.Player(/*代码中的id_video_container将会作为播放器放置的容器使用,可自行替换*/""id_video_container"",option);})()</script>",http://qzonestyle.gtimg.cn/open/qcloud/video/flash/video_player.swf?swfv=beta1&auto_play=0&file_id=14651978969256254104&app_id=1251419256&version=1,"<iframe src=""http://play.video.qcloud.com/iplayer.html?$appid=1251419256&$fileid=14651978969256254104&$autoplay=0&$sw=1024&$sh=768"" frameborder=""0"" width=""100%"" height=""768"" scrolling=""no""></iframe><!-- 页面内多处使用iframe代码，后面的JS代码只需要使用一次(作用是调整iframe的高度) --><script src=""http://qzonestyle.gtimg.cn/open/qcloud/video/h5/fixifmheight.js"" charset=""utf-8""></script>",,,,http://play.video.qcloud.com/qrplayer.html?$appid=1251419256&$fileid=14651978969256254104&$autoplay=0&$sw=640&$sh=480&$def=20,,,,,,,,http://play.video.qcloud.com/qrplayer.html?$appid=1251419256&$fileid=14651978969256254104&$autoplay=0&$sw=1280&$sh=960&$def=230,
"	14651978969256254105",python在线教学-10-流程控制-逻辑,正常,"2016-01-23 20:59:34",597,"	13425150","2016-01-23 21:01:43",计算机-python,,http://200003447.vod.myqcloud.com/200003447_14539caec1d111e5a5080dacff1f8efc.f0.flv,,,http://200003447.vod.myqcloud.com/200003447_14539caec1d111e5a5080dacff1f8efc.f20.mp4,,,,,,,,http://200003447.vod.myqcloud.com/200003447_14539caec1d111e5a5080dacff1f8efc.f230.av.m3u8,,"<div id=""id_video_container"" style=""width:100%;height:768px;""></div><script src=""http://qzonestyle.gtimg.cn/open/qcloud/video/h5/h5connect.js""></script><script type=""text/javascript"">(function(){var option ={""auto_play"":""0"",""file_id"":""14651978969256254105"",""app_id"":1251419256,""width"":1024,""height"":768};/*调用播放器进行播放*/new qcVideo.Player(/*代码中的id_video_container将会作为播放器放置的容器使用,可自行替换*/""id_video_container"",option);})()</script>",http://qzonestyle.gtimg.cn/open/qcloud/video/flash/video_player.swf?swfv=beta1&auto_play=0&file_id=14651978969256254105&app_id=1251419256&version=1,"<iframe src=""http://play.video.qcloud.com/iplayer.html?$appid=1251419256&$fileid=14651978969256254105&$autoplay=0&$sw=1024&$sh=768"" frameborder=""0"" width=""100%"" height=""768"" scrolling=""no""></iframe><!-- 页面内多处使用iframe代码，后面的JS代码只需要使用一次(作用是调整iframe的高度) --><script src=""http://qzonestyle.gtimg.cn/open/qcloud/video/h5/fixifmheight.js"" charset=""utf-8""></script>",,,,http://play.video.qcloud.com/qrplayer.html?$appid=1251419256&$fileid=14651978969256254105&$autoplay=0&$sw=640&$sh=480&$def=20,,,,,,,,http://play.video.qcloud.com/qrplayer.html?$appid=1251419256&$fileid=14651978969256254105&$autoplay=0&$sw=1280&$sh=960&$def=230,
"	14651978969256254106",python在线教学-11-流程控制-for,正常,"2016-01-23 21:00:25",978,"	25050842","2016-01-23 21:11:52",计算机-python,,http://200003447.vod.myqcloud.com/200003447_271c6f50c1d111e5980d5df58e2bb1eb.f0.flv,,,http://200003447.vod.myqcloud.com/200003447_271c6f50c1d111e5980d5df58e2bb1eb.f20.mp4,,,,,,,,http://200003447.vod.myqcloud.com/200003447_271c6f50c1d111e5980d5df58e2bb1eb.f230.av.m3u8,,"<div id=""id_video_container"" style=""width:100%;height:768px;""></div><script src=""http://qzonestyle.gtimg.cn/open/qcloud/video/h5/h5connect.js""></script><script type=""text/javascript"">(function(){var option ={""auto_play"":""0"",""file_id"":""14651978969256254106"",""app_id"":1251419256,""width"":1024,""height"":768};/*调用播放器进行播放*/new qcVideo.Player(/*代码中的id_video_container将会作为播放器放置的容器使用,可自行替换*/""id_video_container"",option);})()</script>",http://qzonestyle.gtimg.cn/open/qcloud/video/flash/video_player.swf?swfv=beta1&auto_play=0&file_id=14651978969256254106&app_id=1251419256&version=1,"<iframe src=""http://play.video.qcloud.com/iplayer.html?$appid=1251419256&$fileid=14651978969256254106&$autoplay=0&$sw=1024&$sh=768"" frameborder=""0"" width=""100%"" height=""768"" scrolling=""no""></iframe><!-- 页面内多处使用iframe代码，后面的JS代码只需要使用一次(作用是调整iframe的高度) --><script src=""http://qzonestyle.gtimg.cn/open/qcloud/video/h5/fixifmheight.js"" charset=""utf-8""></script>",,,,http://play.video.qcloud.com/qrplayer.html?$appid=1251419256&$fileid=14651978969256254106&$autoplay=0&$sw=640&$sh=480&$def=20,,,,,,,,http://play.video.qcloud.com/qrplayer.html?$appid=1251419256&$fileid=14651978969256254106&$autoplay=0&$sw=1280&$sh=960&$def=230,
"	14651978969256254107",python在线教学-12-流程控制-遍历序列及字典,正常,"2016-01-23 21:00:27",813,"	19383338","2016-01-23 21:11:52",计算机-python,,http://200003447.vod.myqcloud.com/200003447_454a0596c1d111e5980d5df58e2bb1eb.f0.flv,,,http://200003447.vod.myqcloud.com/200003447_454a0596c1d111e5980d5df58e2bb1eb.f20.mp4,,,,,,,,http://200003447.vod.myqcloud.com/200003447_454a0596c1d111e5980d5df58e2bb1eb.f230.av.m3u8,,"<div id=""id_video_container"" style=""width:100%;height:768px;""></div><script src=""http://qzonestyle.gtimg.cn/open/qcloud/video/h5/h5connect.js""></script><script type=""text/javascript"">(function(){var option ={""auto_play"":""0"",""file_id"":""14651978969256254107"",""app_id"":1251419256,""width"":1024,""height"":768};/*调用播放器进行播放*/new qcVideo.Player(/*代码中的id_video_container将会作为播放器放置的容器使用,可自行替换*/""id_video_container"",option);})()</script>",http://qzonestyle.gtimg.cn/open/qcloud/video/flash/video_player.swf?swfv=beta1&auto_play=0&file_id=14651978969256254107&app_id=1251419256&version=1,"<iframe src=""http://play.video.qcloud.com/iplayer.html?$appid=1251419256&$fileid=14651978969256254107&$autoplay=0&$sw=1024&$sh=768"" frameborder=""0"" width=""100%"" height=""768"" scrolling=""no""></iframe><!-- 页面内多处使用iframe代码，后面的JS代码只需要使用一次(作用是调整iframe的高度) --><script src=""http://qzonestyle.gtimg.cn/open/qcloud/video/h5/fixifmheight.js"" charset=""utf-8""></script>",,,,http://play.video.qcloud.com/qrplayer.html?$appid=1251419256&$fileid=14651978969256254107&$autoplay=0&$sw=640&$sh=480&$def=20,,,,,,,,http://play.video.qcloud.com/qrplayer.html?$appid=1251419256&$fileid=14651978969256254107&$autoplay=0&$sw=1280&$sh=960&$def=230,
"	14651978969256254108",python在线教学-13-流程控制-循环控制,正常,"2016-01-23 21:00:29",922,"	23683105","2016-01-23 21:11:52",计算机-python,,http://200003447.vod.myqcloud.com/200003447_4685ec4ac1d111e5a5080dacff1f8efc.f0.flv,,,http://200003447.vod.myqcloud.com/200003447_4685ec4ac1d111e5a5080dacff1f8efc.f20.mp4,,,,,,,,http://200003447.vod.myqcloud.com/200003447_4685ec4ac1d111e5a5080dacff1f8efc.f230.av.m3u8,,"<div id=""id_video_container"" style=""width:100%;height:768px;""></div><script src=""http://qzonestyle.gtimg.cn/open/qcloud/video/h5/h5connect.js""></script><script type=""text/javascript"">(function(){var option ={""auto_play"":""0"",""file_id"":""14651978969256254108"",""app_id"":1251419256,""width"":1024,""height"":768};/*调用播放器进行播放*/new qcVideo.Player(/*代码中的id_video_container将会作为播放器放置的容器使用,可自行替换*/""id_video_container"",option);})()</script>",http://qzonestyle.gtimg.cn/open/qcloud/video/flash/video_player.swf?swfv=beta1&auto_play=0&file_id=14651978969256254108&app_id=1251419256&version=1,"<iframe src=""http://play.video.qcloud.com/iplayer.html?$appid=1251419256&$fileid=14651978969256254108&$autoplay=0&$sw=1024&$sh=768"" frameborder=""0"" width=""100%"" height=""768"" scrolling=""no""></iframe><!-- 页面内多处使用iframe代码，后面的JS代码只需要使用一次(作用是调整iframe的高度) --><script src=""http://qzonestyle.gtimg.cn/open/qcloud/video/h5/fixifmheight.js"" charset=""utf-8""></script>",,,,http://play.video.qcloud.com/qrplayer.html?$appid=1251419256&$fileid=14651978969256254108&$autoplay=0&$sw=640&$sh=480&$def=20,,,,,,,,http://play.video.qcloud.com/qrplayer.html?$appid=1251419256&$fileid=14651978969256254108&$autoplay=0&$sw=1280&$sh=960&$def=230,
"	14651978969256254109",python在线教学14-流程控制-while,正常,"2016-01-23 21:00:31",864,"	20570285","2016-01-23 21:11:51",计算机-python,,http://200003447.vod.myqcloud.com/200003447_47a19732c1d111e5a5080dacff1f8efc.f0.flv,,,http://200003447.vod.myqcloud.com/200003447_47a19732c1d111e5a5080dacff1f8efc.f20.mp4,,,,,,,,http://200003447.vod.myqcloud.com/200003447_47a19732c1d111e5a5080dacff1f8efc.f230.av.m3u8,,"<div id=""id_video_container"" style=""width:100%;height:768px;""></div><script src=""http://qzonestyle.gtimg.cn/open/qcloud/video/h5/h5connect.js""></script><script type=""text/javascript"">(function(){var option ={""auto_play"":""0"",""file_id"":""14651978969256254109"",""app_id"":1251419256,""width"":1024,""height"":768};/*调用播放器进行播放*/new qcVideo.Player(/*代码中的id_video_container将会作为播放器放置的容器使用,可自行替换*/""id_video_container"",option);})()</script>",http://qzonestyle.gtimg.cn/open/qcloud/video/flash/video_player.swf?swfv=beta1&auto_play=0&file_id=14651978969256254109&app_id=1251419256&version=1,"<iframe src=""http://play.video.qcloud.com/iplayer.html?$appid=1251419256&$fileid=14651978969256254109&$autoplay=0&$sw=1024&$sh=768"" frameborder=""0"" width=""100%"" height=""768"" scrolling=""no""></iframe><!-- 页面内多处使用iframe代码，后面的JS代码只需要使用一次(作用是调整iframe的高度) --><script src=""http://qzonestyle.gtimg.cn/open/qcloud/video/h5/fixifmheight.js"" charset=""utf-8""></script>",,,,http://play.video.qcloud.com/qrplayer.html?$appid=1251419256&$fileid=14651978969256254109&$autoplay=0&$sw=640&$sh=480&$def=20,,,,,,,,http://play.video.qcloud.com/qrplayer.html?$appid=1251419256&$fileid=14651978969256254109&$autoplay=0&$sw=1280&$sh=960&$def=230,
